Aadhaar,Month,Gender,Age,Height,Weight,BodyFat,MidArm,BMI,BMR
1234567100,1-2022,Gender.Male,27,154,49,24,0,21,1323
1234567100,2-2022,Gender.Male,27,154,49,24,0,21,1323
1234567101,1-2022,Gender.Female,27,151,45,29,0,20,1098
1234567101,2-2022,Gender.Female,27,151,47,30,0,21,1118
1234567102,1-2022,Gender.Male,50,160,70,32,0,27,1455
1234567102,2-2022,Gender.Male,50,160,70,30,0,27,1455
1234567103,1-2022,Gender.Female,45,155,59,33,0,25,1173
1234567103,2-2022,Gender.Female,45,155,59,33,0,25,1173
1234567104,1-2022,Gender.Female,20,145,43,21,0,20,1075
1234567104,2-2022,Gender.Female,20,145,43,21,0,20,1075
1234567105,1-2022,Gender.Female,19,140,39,20,0,20,1009
1234567105,2-2022,Gender.Female,19,140,39,20,0,20,1009
1234567106,1-2022,Gender.Female,65,180,78,34,0,24,1419
1234567106,2-2022,Gender.Female,65,180,78,34,0,24,1419
1234567107,1-2022,Gender.Male,20,153,51,29,0,22,1371
1234567107,2-2022,Gender.Male,20,153,51,29,0,22,1371
1234567108,1-2022,Gender.Male,27,163,54,32,0,20,1429
1234567108,2-2022,Gender.Male,27,163,54,32,0,20,1429
1234567109,1-2022,Gender.Male,44,162,49,23,0,19,1288
1234567109,2-2022,Gender.Male,44,162,54,23,0,19,1338
1234567110,1-2022,Gender.Female,36,154,61,30,0,26,1232
1234567110,2-2022,Gender.Female,36,154,61,30,0,26,1232
1234567111,1-2022,Gender.Female,15,110,36,19,0,30,812
1234567111,2-2022,Gender.Female,15,110,36,19,0,30,812
1234567112,1-2022,Gender.Female,13,105,30,20,0,27,730
1234567112,2-2022,Gender.Female,13,105,30,20,0,27,730
1234567113,1-2022,Gender.Female,9,95,20,16,0,22,588
1234567113,2-2022,Gender.Female,9,95,20,16,0,22,588
1234567114,1-2022,Gender.Male,36,158,70,31,0,28,1513
1234567114,2-2022,Gender.Male,36,158,70,31,0,28,1513
1234567115,1-2022,Gender.Female,31,150,60,29,0,27,1222
1234567115,2-2022,Gender.Female,31,150,60,29,0,27,1222
1234567116,1-2022,Gender.Female,80,156,43,22,0,18,844
1234567116,2-2022,Gender.Female,80,156,43,22,0,18,844
1234567117,1-2022,Gender.Male,80,180,80,35,0,25,1530
1234567117,2-2022,Gender.Male,80,180,80,35,0,25,1530
1234567118,1-2022,Gender.Female,83,155,36,19,0,15,753
1234567118,2-2022,Gender.Female,83,155,37,19,0,15,763
1234567119,1-2022,Gender.Female,24,153,55,30,0,23,1225
1234567119,2-2022,Gender.Female,24,153,55,34,0,23,1225
1234567120,1-2022,Gender.Male,25,155,59,37,0,25,1439
1234567120,2-2022,Gender.Male,25,155,59,37,0,25,1439
1234567121,1-2022,Gender.Female,2,18,12,0,14,0,62
1234567121,2-2022,Gender.Female,2,18,13,0,14,0,72
1234567122,1-2022,Gender.Female,20,155,58,30,0,24,1288
1234567122,2-2022,Gender.Female,20,155,60,30,0,25,1308
1234567123,1-2022,Gender.Female,26,155,62,38,0,26,1298
1234567123,2-2022,Gender.Female,26,155,62,38,0,26,1298
1234567124,1-2022,Gender.Male,30,162,68,30,0,26,1548
1234567124,2-2022,Gender.Male,30,162,68,30,0,26,1548
1234567126,1-2022,Gender.Male,4,35,18,0,20,0,384
1234567126,2-2022,Gender.Male,4,35,18,0,20,0,384
1234567127,1-2022,Gender.Male,26,151,49,20,0,21,1309
1234567127,2-2022,Gender.Male,26,151,49,20,0,21,1309
1234567128,1-2022,Gender.Male,29,158,61,29,0,24,1458
1234567128,2-2022,Gender.Male,29,158,61,29,0,24,1458
1234567129,1-2022,Gender.Male,1,0,9,0,0,0,90
1234567129,2-2022,Gender.Male,1,0,9,0,0,0,90
1234567130,1-2022,Gender.Female,25,154,49,22,0,21,1167
1234567130,2-2022,Gender.Female,25,154,49,22,0,21,1167
1234567131,1-2022,Gender.Male,27,160,59,30,0,23,1460
1234567131,2-2022,Gender.Male,27,160,59,30,0,23,1460
1234567132,1-2022,Gender.Female,1,0,8,0,0,0,0
1234567132,2-2022,Gender.Female,1,0,9,0,0,0,0
1234567133,1-2022,Gender.Male,73,165,59,21,0,22,1261
1234567133,2-2022,Gender.Male,73,165,59,21,0,22,1261
1234567134,1-2022,Gender.Female,70,150,47,20,0,21,897
1234567134,2-2022,Gender.Female,70,150,47,20,0,21,897
1234567135,1-2022,Gender.Male,26,145,44,21,0,21,1221
1234567135,2-2022,Gender.Male,26,145,46,23,0,22,1241
1234567136,1-2022,Gender.Female,23,140,39,19,0,20,989
1234567136,2-2022,Gender.Female,23,140,39,19,0,20,989
1234567137,1-2022,Gender.Male,24,158,57,29,0,23,1443
1234567137,2-2022,Gender.Male,24,158,57,29,0,23,1443
1234567138,1-2022,Gender.Female,21,149,45,21,0,20,1115
1234567138,2-2022,Gender.Female,21,149,45,21,0,20,1115
1234567139,1-2022,Gender.Male,50,159,70,30,0,28,1449
1234567139,2-2022,Gender.Male,50,159,70,30,0,28,1449
1234567140,1-2022,Gender.Male,21,147,41,19,0,19,1229
1234567140,2-2022,Gender.Male,21,147,41,19,0,19,1229
1234567141,1-2022,Gender.Male,32,153,60,29,0,26,1401
1234567141,2-2022,Gender.Male,32,153,60,29,0,26,1401
1234567142,1-2022,Gender.Female,30,149,45,18,0,20,1070
1234567142,2-2022,Gender.Female,30,149,45,18,0,20,1070
1234567143,1-2022,Gender.Female,12,110,31,0,19,26,777
1234567143,2-2022,Gender.Female,12,110,31,0,19,26,777
1234567144,1-2022,Gender.Male,8,110,22,0,15,18,873
1234567144,2-2022,Gender.Male,8,110,22,0,15,18,873
1234567145,1-2022,Gender.Female,60,166,73,33,0,26,1307
1234567145,2-2022,Gender.Female,60,166,73,33,0,26,1307
1234567146,1-2022,Gender.Male,71,169,65,24,0,23,1356
1234567146,2-2022,Gender.Male,71,169,65,24,0,23,1356
1234567147,1-2022,Gender.Female,55,157,47,19,0,19,1015
1234567147,2-2022,Gender.Female,55,157,47,19,0,19,1015
1234567148,1-2022,Gender.Female,35,155,60,31,0,25,1233
1234567148,2-2022,Gender.Female,35,155,60,31,0,25,1233
1234567149,1-2022,Gender.Male,41,161,83,33,0,32,1636
1234567149,2-2022,Gender.Male,41,161,83,33,0,32,1636
1234567150,1-2022,Gender.Female,19,146,41,19,0,19,1067
1234567150,2-2022,Gender.Female,19,146,41,19,0,19,1067
1234567151,1-2022,Gender.Male,14,140,37,0,19,19,1180
1234567151,2-2022,Gender.Male,14,140,37,0,19,19,1180
1234567152,1-2022,Gender.Male,38,159,75,30,0,30,1559
1234567152,2-2022,Gender.Male,38,159,75,30,0,30,1559
1234567153,1-2022,Gender.Female,35,154,62,29,0,26,1247
1234567153,2-2022,Gender.Female,35,154,62,29,0,26,1247
1234567154,1-2022,Gender.Female,3,0,13,0,0,0,0
1234567154,2-2022,Gender.Female,3,0,13,0,0,0,0
1234567155,1-2022,Gender.Male,33,161,71,29,0,27,1556
1234567155,2-2022,Gender.Male,33,161,71,29,0,27,1556
1234567156,1-2022,Gender.Female,32,150,56,28,0,25,1177
1234567156,2-2022,Gender.Female,32,150,56,28,0,25,1177
1234567157,1-2022,Gender.Male,12,122,27,0,20,18,978
1234567157,2-2022,Gender.Male,12,122,27,0,20,18,978
1234567158,1-2022,Gender.Female,10,110,22,0,18,18,697
1234567158,2-2022,Gender.Female,10,110,22,0,18,18,697
1234567159,1-2022,Gender.Female,31,155,63,31,0,26,1283
1234567159,2-2022,Gender.Female,31,155,63,31,0,26,1283
1234567160,1-2022,Gender.Male,32,160,74,33,0,29,1585
1234567160,2-2022,Gender.Male,32,160,74,33,0,29,1585
1234567161,1-2022,Gender.Male,11,125,29,0,20,19,1021
1234567161,2-2022,Gender.Male,11,125,29,0,20,19,1021
1234567162,1-2022,Gender.Female,2,0,10,0,0,0,0
1234567162,2-2022,Gender.Female,2,0,10,0,0,0,0
1234567163,1-2022,Gender.Female,21,148,42,19,0,19,1079
1234567163,2-2022,Gender.Female,21,148,42,19,0,19,1079
1234567164,1-2022,Gender.Male,26,160,54,26,0,21,1415
1234567164,2-2022,Gender.Male,26,160,54,26,0,21,1415
1234567165,1-2022,Gender.Female,1,0,9,0,0,0,0
1234567165,2-2022,Gender.Female,1,0,9,0,0,0,0
1234567166,1-2022,Gender.Female,21,145,39,0,23,19,1030
1234567166,2-2022,Gender.Female,21,145,39,0,23,19,1030
1234567167,1-2022,Gender.Male,25,149,58,24,0,26,1391
1234567167,2-2022,Gender.Male,25,149,58,24,0,26,1391
1234567168,1-2022,Gender.Female,2,0,10,0,0,0,0
1234567168,2-2022,Gender.Female,2,0,10,0,0,0,0
1234567169,1-2022,Gender.Male,36,171,83,31,0,28,1724
1234567169,2-2022,Gender.Male,36,171,83,31,0,28,1724
1234567170,1-2022,Gender.Female,31,150,63,26,0,28,1252
1234567170,2-2022,Gender.Female,31,150,63,26,0,28,1252
1234567171,1-2022,Gender.Male,7,115,21,0,18,16,899
1234567171,2-2022,Gender.Male,7,115,21,0,18,16,899
1234567172,1-2022,Gender.Female,7,115,20,0,18,15,723
1234567172,2-2022,Gender.Female,7,115,20,0,18,15,723
1234567173,1-2022,Gender.Male,21,146,21,20,0,10,1023
1234567173,2-2022,Gender.Male,21,146,21,20,0,10,1023
1234567174,1-2022,Gender.Male,18,145,42,19,0,20,1241
1234567174,2-2022,Gender.Male,18,145,42,19,0,20,1241
1234567175,1-2022,Gender.Male,30,150,68,30,0,30,1473
1234567175,2-2022,Gender.Male,30,150,68,30,0,30,1473
1234567176,1-2022,Gender.Female,28,148,50,31,0,23,1124
1234567176,2-2022,Gender.Female,28,148,52,31,0,23,1144
1234567177,1-2022,Gender.Male,40,178,56,21,0,18,1478
1234567177,2-2022,Gender.Male,40,178,56,21,0,18,1478
1234567178,1-2022,Gender.Male,7,110,24,13,0,20,898
1234567178,2-2022,Gender.Male,7,110,24,13,0,20,898
1234567179,1-2022,Gender.Male,70,165,61,30,0,22,1296
1234567179,2-2022,Gender.Male,70,165,61,30,0,22,1296
1234567180,1-2022,Gender.Female,65,158,59,31,0,24,1092
1234567180,2-2022,Gender.Female,65,158,59,31,0,24,1092
1234567181,1-2022,Gender.Male,27,151,71,32,0,31,1524
1234567181,2-2022,Gender.Male,27,151,71,32,0,31,1524
1234567182,1-2022,Gender.Male,15,148,49,30,0,22,1345
1234567182,2-2022,Gender.Male,15,148,49,30,0,22,1345
1234567183,1-2022,Gender.Female,75,155,49,21,0,20,923
1234567183,2-2022,Gender.Female,75,155,49,21,0,20,923
1234567184,1-2022,Gender.Female,26,142,51,19,0,25,1107
1234567184,2-2022,Gender.Female,26,142,51,19,0,25,1107
1234567185,1-2022,Gender.Male,4,30,9,0,12,0,263
1234567185,2-2022,Gender.Male,4,30,9,0,12,0,263
1234567186,1-2022,Gender.Female,8,80,20,0,11,31,499
1234567186,2-2022,Gender.Female,8,80,21,0,11,31,509
1234567187,1-2022,Gender.Male,45,162,77,27,0,29,1563
1234567187,2-2022,Gender.Male,45,162,77,27,0,29,1563
1234567188,1-2022,Gender.Female,40,159,51,27,0,20,1143
1234567188,2-2022,Gender.Female,40,159,52,27,0,21,1153
1234567189,1-2022,Gender.Male,19,145,39,22,0,19,1206
1234567189,2-2022,Gender.Male,19,145,39,11,0,19,1206
1234567190,1-2022,Gender.Male,15,148,46,29,0,21,1315
1234567190,2-2022,Gender.Male,15,148,46,29,0,21,1315
1234567191,1-2022,Gender.Female,50,165,65,30,0,24,1270
1234567191,2-2022,Gender.Female,50,165,65,30,0,24,1270
1234567192,1-2022,Gender.Female,47,150,51,32,0,23,1052
1234567192,2-2022,Gender.Female,47,150,51,33,0,23,1052
1234567193,1-2022,Gender.Male,27,155,58,29,0,24,1419
1234567193,2-2022,Gender.Male,27,155,59,29,0,25,1429
1234567194,1-2022,Gender.Male,35,158,60,34,0,24,1418
1234567194,2-2022,Gender.Male,35,158,60,34,0,24,1418
1234567195,1-2022,Gender.Male,34,162,56,22,0,21,1408
1234567195,2-2022,Gender.Male,34,162,56,22,0,21,1408
1234567196,1-2022,Gender.Female,60,154,50,29,0,21,1002
1234567196,2-2022,Gender.Female,60,154,50,30,0,21,1002
1234567197,1-2022,Gender.Female,30,152,55,36,0,24,1189
1234567197,2-2022,Gender.Female,30,152,55,36,0,24,1189
1234567198,1-2022,Gender.Female,1,0,9,0,0,0,0
1234567198,2-2022,Gender.Female,1,0,9,0,0,0,0
1234567199,1-2022,Gender.Male,1,0,6,0,0,0,60
1234567199,2-2022,Gender.Male,1,0,6,0,0,0,60
1234567200,1-2022,Gender.Female,23,155,45,21,0,19,1143
1234567200,2-2022,Gender.Female,23,155,45,21,0,19,1143
1234567201,1-2022,Gender.Male,35,145,61,21,0,29,1346
1234567201,2-2022,Gender.Male,35,145,61,21,0,29,1346
1234567202,1-2022,Gender.Female,21,149,41,20,0,18,1075
1234567202,2-2022,Gender.Female,21,149,41,20,0,18,1075
1234567203,1-2022,Gender.Male,26,155,55,30,0,23,1394
1234567203,2-2022,Gender.Male,26,155,54,30,0,22,1384
1234567204,1-2022,Gender.Male,28,165,75,35,0,28,1646
1234567204,2-2022,Gender.Male,28,165,75,35,0,28,1646
1234567205,1-2022,Gender.Female,23,155,57,28,0,24,1263
1234567205,2-2022,Gender.Female,23,155,57,28,0,24,1263
1234567206,1-2022,Gender.Male,26,154,65,32,0,27,1488
1234567206,2-2022,Gender.Male,26,154,65,32,0,27,1488
1234567207,1-2022,Gender.Male,48,163,73,29,0,27,1514
1234567207,2-2022,Gender.Male,48,163,73,29,0,27,1514
1234567208,1-2022,Gender.Female,40,147,51,21,0,24,1068
1234567208,2-2022,Gender.Female,40,147,51,21,0,24,1068
1234567209,1-2022,Gender.Female,18,145,41,17,0,20,1065
1234567209,2-2022,Gender.Female,18,145,41,17,0,20,1065
1234567210,1-2022,Gender.Female,16,142,42,19,0,21,1067
1234567210,2-2022,Gender.Female,16,142,42,19,0,21,1067
1234567211,1-2022,Gender.Female,78,160,67,35,0,26,1119
1234567211,2-2022,Gender.Female,78,160,67,35,0,26,1119
1234567212,1-2022,Gender.Female,30,155,62,30,0,26,1278
1234567212,2-2022,Gender.Female,30,155,62,30,0,26,1278
1234567213,1-2022,Gender.Female,38,163,69,23,0,26,1358
1234567213,2-2022,Gender.Female,38,163,69,23,0,26,1358
1234567214,1-2022,Gender.Male,49,177,71,29,0,23,1576
1234567214,2-2022,Gender.Male,49,177,71,29,0,23,1576
1234567215,1-2022,Gender.Male,25,167,66,29,0,24,1584
1234567215,2-2022,Gender.Male,25,167,66,29,0,24,1584
1234567216,1-2022,Gender.Male,35,165,72,33,0,26,1581
1234567216,2-2022,Gender.Male,35,165,72,33,0,26,1581
1234567217,1-2022,Gender.Female,31,160,63,26,0,25,1314
1234567217,2-2022,Gender.Female,31,160,63,26,0,25,1314
1234567218,1-2022,Gender.Male,56,162,60,20,0,23,1338
1234567218,2-2022,Gender.Male,56,162,60,20,0,23,1338
1234567219,1-2022,Gender.Female,45,150,50,22,0,22,1052
1234567219,2-2022,Gender.Female,45,150,51,22,0,23,1062
1234567220,1-2022,Gender.Male,56,162,72,27,0,27,1458
1234567220,2-2022,Gender.Male,56,162,72,27,0,27,1458
1234567221,1-2022,Gender.Female,45,150,50,21,0,22,1052
1234567221,2-2022,Gender.Female,45,150,50,21,0,22,1052
1234567222,1-2022,Gender.Female,80,145,46,18,0,22,805
1234567222,2-2022,Gender.Female,80,145,46,18,0,22,805
1234567223,1-2022,Gender.Male,36,155,58,27,0,24,1374
1234567223,2-2022,Gender.Male,36,155,58,27,0,24,1374
1234567224,1-2022,Gender.Female,35,145,50,20,0,24,1070
1234567224,2-2022,Gender.Female,35,145,50,20,0,24,1070
1234567225,1-2022,Gender.Female,65,145,53,18,0,25,950
1234567225,2-2022,Gender.Female,65,145,53,18,0,25,950
1234567226,1-2022,Gender.Female,52,167,60,23,0,22,1223
1234567226,2-2022,Gender.Female,52,167,58,19,0,21,1203
1234567227,1-2022,Gender.Male,28,160,71,33,0,28,1575
1234567227,2-2022,Gender.Male,28,160,71,33,0,28,1575
1234567228,1-2022,Gender.Male,32,168,72,31,0,26,1615
1234567228,2-2022,Gender.Male,32,168,72,31,0,26,1615
1234567229,1-2022,Gender.Male,20,150,55,30,0,24,1393
1234567229,2-2022,Gender.Male,20,150,55,30,0,24,1393
1234567230,1-2022,Gender.Female,80,142,43,17,0,21,757
1234567230,2-2022,Gender.Female,80,142,43,17,0,21,757
1234567231,1-2022,Gender.Male,19,150,61,28,0,27,1458
1234567231,2-2022,Gender.Male,19,150,61,28,0,27,1458
1234567232,1-2022,Gender.Male,50,140,65,32,0,33,1280
1234567232,2-2022,Gender.Male,50,140,65,32,0,33,1280
1234567233,1-2022,Gender.Female,42,140,48,21,0,24,984
1234567233,2-2022,Gender.Female,42,140,48,21,0,24,984
1234567234,1-2022,Gender.Female,20,150,55,29,0,24,1227
1234567234,2-2022,Gender.Female,20,150,55,29,0,24,1227
1234567235,1-2022,Gender.Female,16,148,44,29,0,20,1124
1234567235,2-2022,Gender.Female,16,148,45,30,0,21,1134
1234567236,1-2022,Gender.Female,17,125,39,15,0,25,925
1234567236,2-2022,Gender.Female,17,125,39,15,0,25,925
1234567237,1-2022,Gender.Male,27,150,52,30,0,23,1328
1234567237,2-2022,Gender.Male,27,150,53,30,0,24,1338
1234567238,1-2022,Gender.Male,90,142,40,16,0,20,843
1234567238,2-2022,Gender.Male,90,142,40,16,0,20,843
1234567239,1-2022,Gender.Male,34,152,70,29,0,30,1485
1234567239,2-2022,Gender.Male,34,152,70,29,0,30,1485
1234567240,1-2022,Gender.Female,30,150,65,35,0,29,1277
1234567240,2-2022,Gender.Female,30,150,65,35,0,29,1277
1234567241,1-2022,Gender.Female,9,115,26,0,19,20,773
1234567241,2-2022,Gender.Female,9,115,26,0,19,20,773
1234567242,1-2022,Gender.Female,11,119,36,0,20,25,888
1234567242,2-2022,Gender.Female,11,119,36,0,20,25,888
1234567243,1-2022,Gender.Male,51,163,75,31,0,28,1519
1234567243,2-2022,Gender.Male,51,163,75,31,0,28,1519
1234567244,1-2022,Gender.Female,46,152,68,32,0,29,1239
1234567244,2-2022,Gender.Female,46,152,68,32,0,29,1239
1234567245,1-2022,Gender.Male,16,145,47,22,0,22,1301
1234567245,2-2022,Gender.Male,16,145,47,22,0,22,1301
1234567246,1-2022,Gender.Female,14,143,45,19,0,22,1113
1234567246,2-2022,Gender.Female,14,143,45,19,0,22,1113
1234567247,1-2022,Gender.Male,55,147,61,33,0,28,1259
1234567247,2-2022,Gender.Male,55,147,60,33,0,28,1249
1234567248,1-2022,Gender.Female,42,143,57,32,0,28,1093
1234567248,2-2022,Gender.Female,42,143,57,32,0,28,1093
1234567249,1-2022,Gender.Female,25,153,54,29,0,23,1210
1234567249,2-2022,Gender.Female,25,153,54,29,0,23,1210
1234567250,1-2022,Gender.Female,22,152,50,30,0,22,1179
1234567250,2-2022,Gender.Female,22,152,50,31,0,22,1179
1234567251,1-2022,Gender.Male,55,156,74,25,0,30,1445
1234567251,2-2022,Gender.Male,55,156,74,25,0,30,1445
1234567252,1-2022,Gender.Male,39,170,84,34,0,29,1713
1234567252,2-2022,Gender.Male,39,170,84,34,0,29,1713
1234567253,1-2022,Gender.Female,29,146,65,31,0,30,1257
1234567253,2-2022,Gender.Female,29,146,65,31,0,30,1257
1234567254,1-2022,Gender.Male,10,105,26,0,18,24,871
1234567254,2-2022,Gender.Male,10,105,26,0,18,24,871
1234567255,1-2022,Gender.Male,45,157,70,29,0,28,1461
1234567255,2-2022,Gender.Male,45,157,70,29,0,28,1461
1234567256,1-2022,Gender.Female,40,155,55,24,0,23,1158
1234567256,2-2022,Gender.Female,40,155,55,24,0,23,1158
1234567257,1-2022,Gender.Male,15,139,41,28,0,21,1209
1234567257,2-2022,Gender.Male,15,139,41,28,0,21,1209
1234567258,1-2022,Gender.Female,70,171,47,27,0,16,1028
1234567258,2-2022,Gender.Female,70,171,47,27,0,16,1028
1234567259,1-2022,Gender.Male,30,155,77,34,0,32,1594
1234567259,2-2022,Gender.Male,30,155,77,34,0,32,1594
1234567260,1-2022,Gender.Male,24,157,56,27,0,23,1426
1234567260,2-2022,Gender.Male,24,157,56,27,0,23,1426
1234567261,1-2022,Gender.Female,77,174,77,36,0,25,1312
1234567261,2-2022,Gender.Female,77,174,77,36,0,25,1312
1234567262,1-2022,Gender.Female,50,171,65,28,0,22,1308
1234567262,2-2022,Gender.Female,50,171,65,28,0,22,1308
1234567263,1-2022,Gender.Female,15,143,54,23,0,26,1198
1234567263,2-2022,Gender.Female,15,143,54,23,0,26,1198
1234567264,1-2022,Gender.Female,65,174,64,23,0,21,1242
1234567264,2-2022,Gender.Female,65,174,64,23,0,21,1242
1234567265,1-2022,Gender.Male,63,183,53,26,0,16,1364
1234567265,2-2022,Gender.Male,63,183,53,26,0,16,1364
1234567266,1-2022,Gender.Male,29,166,70,33,0,25,1598
1234567266,2-2022,Gender.Male,29,166,70,33,0,25,1598
1234567267,1-2022,Gender.Female,60,171,63,31,0,22,1238
1234567267,2-2022,Gender.Female,60,171,63,31,0,22,1238
1234567268,1-2022,Gender.Female,28,172,47,22,0,16,1244
1234567268,2-2022,Gender.Female,28,172,47,22,0,16,1244
1234567269,1-2022,Gender.Female,29,179,76,39,0,24,1573
1234567269,2-2022,Gender.Female,29,179,76,39,0,24,1573
1234567270,1-2022,Gender.Male,36,176,63,39,0,20,1555
1234567270,2-2022,Gender.Male,36,176,63,39,0,20,1555
1234567271,1-2022,Gender.Female,13,112,36,16,0,29,834
1234567271,2-2022,Gender.Female,13,112,36,16,0,29,834
1234567272,1-2022,Gender.Female,15,155,31,14,0,13,1043
1234567272,2-2022,Gender.Female,15,155,31,14,0,13,1043
1234567273,1-2022,Gender.Male,45,167,70,31,0,25,1524
1234567273,2-2022,Gender.Male,45,167,70,31,0,25,1524
1234567274,1-2022,Gender.Female,30,156,56,24,0,23,1224
1234567274,2-2022,Gender.Female,30,156,56,24,0,23,1224
1234567275,1-2022,Gender.Male,18,149,47,21,0,21,1316
1234567275,2-2022,Gender.Male,18,149,47,21,0,21,1316
1234567276,1-2022,Gender.Male,15,133,45,19,0,25,1211
1234567276,2-2022,Gender.Male,15,133,45,19,0,25,1211
1234567277,1-2022,Gender.Male,60,171,54,26,0,18,1314
1234567277,2-2022,Gender.Male,60,171,54,26,0,18,1314
1234567278,1-2022,Gender.Male,12,103,39,19,0,37,979
1234567278,2-2022,Gender.Male,12,103,39,19,0,37,979
1234567279,1-2022,Gender.Female,10,93,33,22,0,38,700
1234567279,2-2022,Gender.Female,10,93,33,22,0,38,700
1234567280,1-2022,Gender.Male,40,174,83,37,0,27,1723
1234567280,2-2022,Gender.Male,40,174,83,37,0,27,1723
1234567281,1-2022,Gender.Male,60,140,60,32,0,31,1180
1234567281,2-2022,Gender.Male,60,140,60,32,0,31,1180
1234567282,1-2022,Gender.Female,55,170,79,34,0,27,1417
1234567282,2-2022,Gender.Female,55,170,79,34,0,27,1417
1234567283,1-2022,Gender.Female,18,140,42,24,0,21,1044
1234567283,2-2022,Gender.Female,18,140,42,24,0,21,1044
1234567284,1-2022,Gender.Female,60,155,89,38,0,37,1398
1234567284,2-2022,Gender.Female,60,155,89,38,0,37,1398
1234567285,1-2022,Gender.Male,65,155,70,36,0,29,1349
1234567285,2-2022,Gender.Male,65,155,70,36,0,29,1349
1234567286,1-2022,Gender.Male,29,170,80,41,0,28,1723
1234567286,2-2022,Gender.Male,29,170,80,41,0,28,1723
1234567287,1-2022,Gender.Male,45,170,75,33,0,26,1593
1234567287,2-2022,Gender.Male,45,170,75,33,0,26,1593
1234567288,1-2022,Gender.Female,43,163,53,24,0,20,1173
1234567288,2-2022,Gender.Female,43,163,53,24,0,20,1173
1234567289,1-2022,Gender.Male,20,182,72,26,0,22,1763
1234567289,2-2022,Gender.Male,20,182,72,26,0,22,1763
1234567290,1-2022,Gender.Female,18,142,48,21,0,24,1117
1234567290,2-2022,Gender.Female,18,142,48,21,0,24,1117
1234567291,1-2022,Gender.Male,55,167,59,22,0,21,1364
1234567291,2-2022,Gender.Male,55,167,59,22,0,21,1364
1234567292,1-2022,Gender.Female,50,159,78,21,0,31,1363
1234567292,2-2022,Gender.Female,50,159,78,21,0,31,1363
1234567293,1-2022,Gender.Female,29,150,75,40,0,33,1382
1234567293,2-2022,Gender.Female,29,150,75,40,0,33,1382
1234567294,1-2022,Gender.Male,30,175,88,47,0,29,1829
1234567294,2-2022,Gender.Male,30,175,88,47,0,29,1829
1234567295,1-2022,Gender.Male,60,140,60,32,0,31,1180
1234567295,2-2022,Gender.Male,60,140,60,32,0,31,1180
1234567296,1-2022,Gender.Male,55,170,79,31,0,27,1583
1234567296,2-2022,Gender.Male,55,170,79,31,0,27,1583
1234567297,1-2022,Gender.Male,18,140,42,24,0,21,1210
1234567297,2-2022,Gender.Male,18,140,42,24,0,21,1210
1234567298,1-2022,Gender.Female,16,135,34,21,0,19,943
1234567298,2-2022,Gender.Female,16,135,34,21,0,19,943
1234567299,1-2022,Gender.Female,44,153,64,22,0,27,1215
1234567299,2-2022,Gender.Female,44,153,64,22,0,27,1215
1234567300,1-2022,Gender.Female,38,150,65,21,0,29,1237
1234567300,2-2022,Gender.Female,38,150,65,21,0,29,1237
1234567301,1-2022,Gender.Female,73,150,43,19,0,19,842
1234567301,2-2022,Gender.Female,73,150,43,19,0,19,842
1234567302,1-2022,Gender.Female,64,160,52,23,0,20,1039
1234567302,2-2022,Gender.Female,64,160,52,23,0,20,1039
1234567303,1-2022,Gender.Female,53,157,68,21,0,28,1235
1234567303,2-2022,Gender.Female,53,157,68,21,0,28,1235
1234567304,1-2022,Gender.Female,55,150,60,19,0,27,1102
1234567304,2-2022,Gender.Female,55,150,60,19,0,27,1102
1234567305,1-2022,Gender.Female,18,143,43,19,0,21,1073
1234567305,2-2022,Gender.Female,18,143,43,19,0,21,1073
1234567306,1-2022,Gender.Male,31,141,56,20,0,28,1291
1234567306,2-2022,Gender.Male,31,141,56,20,0,28,1291
1234567307,1-2022,Gender.Female,28,159,59,21,0,23,1283
1234567307,2-2022,Gender.Female,28,159,59,21,0,23,1283
1234567308,1-2022,Gender.Male,63,167,68,20,0,24,1414
1234567308,2-2022,Gender.Male,63,167,68,20,0,24,1414
1234567309,1-2022,Gender.Male,40,160,71,26,0,28,1515
1234567309,2-2022,Gender.Male,40,160,71,26,0,28,1515
1234567310,1-2022,Gender.Female,32,151,64,23,0,28,1263
1234567310,2-2022,Gender.Female,32,151,64,23,0,28,1263
1234567311,1-2022,Gender.Female,15,145,48,21,0,23,1150
1234567311,2-2022,Gender.Female,15,145,48,21,0,23,1150
1234567312,1-2022,Gender.Male,37,158,65,29,0,26,1458
1234567312,2-2022,Gender.Male,37,158,65,29,0,26,1458
1234567313,1-2022,Gender.Male,40,162,70,23,0,27,1518
1234567313,2-2022,Gender.Male,40,162,70,23,0,27,1518
1234567314,1-2022,Gender.Male,22,158,57,21,0,23,1453
1234567314,2-2022,Gender.Male,22,158,57,21,0,23,1453
1234567315,1-2022,Gender.Male,20,155,50,19,0,21,1374
1234567315,2-2022,Gender.Male,20,155,50,19,0,21,1374
1234567316,1-2022,Gender.Male,18,155,49,23,0,20,1374
1234567316,2-2022,Gender.Male,18,155,49,23,0,20,1374
1234567317,1-2022,Gender.Female,20,158,49,19,0,20,1217
1234567317,2-2022,Gender.Female,20,158,49,19,0,20,1217
1234567318,1-2022,Gender.Male,35,148,65,24,0,30,1405
1234567318,2-2022,Gender.Male,35,148,65,24,0,30,1405
1234567319,1-2022,Gender.Female,70,158,47,21,0,19,947
1234567319,2-2022,Gender.Female,70,158,47,21,0,19,947
1234567320,1-2022,Gender.Female,50,152,65,19,0,28,1189
1234567320,2-2022,Gender.Female,50,152,65,19,0,28,1189
1234567321,1-2022,Gender.Female,17,151,49,20,0,21,1188
1234567321,2-2022,Gender.Female,17,151,49,20,0,21,1188
1234567322,1-2022,Gender.Male,14,135,41,18,0,22,1189
1234567322,2-2022,Gender.Male,14,135,41,18,0,22,1189
1234567323,1-2022,Gender.Male,48,157,68,24,0,28,1426
1234567323,2-2022,Gender.Male,48,157,68,24,0,28,1426
1234567324,1-2022,Gender.Male,30,178,70,31,0,22,1668
1234567324,2-2022,Gender.Male,30,178,70,31,0,22,1668
1234567325,1-2022,Gender.Male,31,154,68,24,0,29,1493
1234567325,2-2022,Gender.Male,31,154,68,24,0,29,1493
1234567326,1-2022,Gender.Male,53,154,65,29,0,27,1353
1234567326,2-2022,Gender.Male,53,154,65,29,0,27,1353
1234567327,1-2022,Gender.Male,49,158,77,26,0,31,1518
1234567327,2-2022,Gender.Male,49,158,77,26,0,31,1518
1234567328,1-2022,Gender.Female,46,154,60,28,0,25,1172
1234567328,2-2022,Gender.Female,46,154,60,28,0,25,1172
1234567329,1-2022,Gender.Female,22,150,56,21,0,25,1227
1234567329,2-2022,Gender.Female,22,150,56,21,0,25,1227
1234567330,1-2022,Gender.Male,60,159,60,27,0,24,1299
1234567330,2-2022,Gender.Male,30,159,60,27,0,24,1449
1234567331,1-2022,Gender.Female,48,151,60,24,0,26,1143
1234567331,2-2022,Gender.Female,48,151,60,24,0,26,1143
1234567332,1-2022,Gender.Male,47,160,65,21,0,25,1420
1234567332,2-2022,Gender.Male,47,160,65,21,0,25,1420
1234567333,1-2022,Gender.Male,17,140,36,20,0,18,1155
1234567333,2-2022,Gender.Male,17,140,36,20,0,18,1155
1234567334,1-2022,Gender.Female,52,158,52,23,0,21,1087
1234567334,2-2022,Gender.Female,52,158,52,23,0,21,1087
1234567335,1-2022,Gender.Male,45,156,68,24,0,28,1435
1234567335,2-2022,Gender.Male,45,156,68,24,0,28,1435
1234567336,1-2022,Gender.Female,38,150,60,25,0,27,1187
1234567336,2-2022,Gender.Female,38,150,60,25,0,27,1187
1234567337,1-2022,Gender.Male,21,160,64,23,0,25,1540
1234567337,2-2022,Gender.Male,21,160,64,23,0,25,1540
1234567338,1-2022,Gender.Female,17,145,47,21,0,22,1130
1234567338,2-2022,Gender.Female,17,145,47,21,0,22,1130
1234567339,1-2022,Gender.Female,48,141,59,23,0,30,1070
1234567339,2-2022,Gender.Female,48,141,59,23,0,30,1070
1234567340,1-2022,Gender.Male,19,180,80,24,0,25,1835
1234567340,2-2022,Gender.Male,19,180,80,24,0,25,1835
1234567341,1-2022,Gender.Female,56,171,60,23,0,21,1228
1234567341,2-2022,Gender.Female,56,171,60,23,0,21,1228
1234567342,1-2022,Gender.Male,15,146,52,24,0,24,1363
1234567342,2-2022,Gender.Male,15,146,52,24,0,24,1363
1234567343,1-2022,Gender.Female,14,148,49,21,0,22,1184
1234567343,2-2022,Gender.Female,14,148,49,21,0,22,1184
1234567344,1-2022,Gender.Female,37,173,60,27,0,20,1335
1234567344,2-2022,Gender.Female,37,173,60,27,0,20,1335
1234567345,1-2022,Gender.Male,34,168,68,29,0,24,1565
1234567345,2-2022,Gender.Male,34,168,68,29,0,24,1565
1234567346,1-2022,Gender.Female,26,135,41,25,0,22,963
1234567346,2-2022,Gender.Female,26,135,41,25,0,22,963
1234567347,1-2022,Gender.Male,8,128,20,0,0,12,965
1234567347,2-2022,Gender.Male,8,128,20,0,0,12,965
1234567348,1-2022,Gender.Male,53,156,60,27,0,25,1315
1234567348,2-2022,Gender.Male,53,156,60,27,0,25,1315
1234567349,1-2022,Gender.Male,49,154,70,23,0,30,1423
1234567349,2-2022,Gender.Male,49,154,70,23,0,30,1423
1234567350,1-2022,Gender.Female,18,145,47,23,0,22,1125
1234567350,2-2022,Gender.Female,18,145,47,23,0,22,1125
1234567351,1-2022,Gender.Female,43,158,71,28,0,28,1322
1234567351,2-2022,Gender.Female,43,158,71,28,0,28,1322
1234567352,1-2022,Gender.Male,69,170,69,24,0,24,1413
1234567352,2-2022,Gender.Male,69,170,69,24,0,24,1413
1234567773,1-2022,Gender.Female,46,154,58,24,0,24,1152
1234567773,2-2022,Gender.Female,46,154,58,24,0,24,1152
1234567774,1-2022,Gender.Male,32,178,60,28,0,19,1558
1234567774,2-2022,Gender.Male,32,178,60,28,0,19,1558
1234567775,1-2022,Gender.Female,30,138,61,27,0,32,1162
1234567775,2-2022,Gender.Female,30,138,61,27,0,32,1162
1234567776,1-2022,Gender.Female,25,157,42,26,0,17,1115
1234567776,2-2022,Gender.Female,25,157,42,26,0,17,1115
1234567777,1-2022,Gender.Male,40,154,72,29,0,30,1488
1234567777,2-2022,Gender.Male,40,154,72,29,0,30,1488
1234567778,1-2022,Gender.Female,73,149,54,26,0,24,945
1234567778,2-2022,Gender.Female,73,149,54,26,0,24,945
1234567779,1-2022,Gender.Male,83,142,43,19,0,21,908
1234567779,2-2022,Gender.Male,83,142,43,19,0,21,908
1234567811,1-2022,Gender.Female,61,142,48,23,0,24,902
1234567811,2-2022,Gender.Female,61,142,48,23,0,24,902
1234567818,1-2022,Gender.Female,78,140,40,19,0,20,724
1234567818,2-2022,Gender.Female,78,140,40,19,0,20,724
1234567822,1-2022,Gender.Male,41,171,71,29,0,24,1579
1234567822,2-2022,Gender.Male,41,171,71,29,0,24,1579
1234567823,1-2022,Gender.Female,38,143,55,21,0,27,1093
1234567823,2-2022,Gender.Female,38,143,55,21,0,27,1093
1234567824,1-2022,Gender.Female,9,102,23,0,16,22,662
1234567824,2-2022,Gender.Female,9,102,23,0,16,22,662
1234567825,1-2022,Gender.Male,29,177,81,32,0,26,1776
1234567825,2-2022,Gender.Male,29,177,81,32,0,26,1776
1234567826,1-2022,Gender.Female,28,169,60,29,0,21,1355
1234567826,2-2022,Gender.Female,28,169,60,29,0,21,1355
1234567827,1-2022,Gender.Female,7,104,25,0,18,23,704
1234567827,2-2022,Gender.Female,7,104,25,0,18,23,704
1234567828,1-2022,Gender.Male,40,150,59,27,0,26,1333
1234567828,2-2022,Gender.Male,40,150,59,27,0,26,1333
1234567829,1-2022,Gender.Female,36,149,60,21,0,27,1190
1234567829,2-2022,Gender.Female,36,149,60,21,0,27,1190
1234567830,1-2022,Gender.Female,10,109,33,12,0,28,800
1234567830,2-2022,Gender.Female,10,109,33,12,0,28,800
1234567831,1-2022,Gender.Male,44,160,74,28,0,29,1359
1234567831,2-2022,Gender.Male,44,160,74,28,0,29,1359
1234567832,1-2022,Gender.Female,18,149,43,22,0,19,1110
1234567832,2-2022,Gender.Female,18,149,43,22,0,19,1110
1234567833,1-2022,Gender.Male,17,150,45,29,0,20,1142
1234567833,2-2022,Gender.Male,17,150,45,29,0,20,1142
1234567834,1-2022,Gender.Male,53,154,65,30,0,27,1187
1234567834,2-2022,Gender.Male,53,154,65,30,0,27,1187
1234567835,1-2022,Gender.Female,49,145,60,33,0,29,1100
1234567835,2-2022,Gender.Female,49,145,60,33,0,29,1100
1234567836,1-2022,Gender.Male,31,154,68,24,0,29,1327
1234567836,2-2022,Gender.Male,31,154,68,24,0,29,1327
1234567837,1-2022,Gender.Female,30,150,65,23,0,29,1277
1234567837,2-2022,Gender.Female,30,150,65,23,0,29,1277
1234567838,1-2022,Gender.Male,17,148,43,21,0,20,1109
1234567838,2-2022,Gender.Male,17,148,43,21,0,20,1109
1234567839,1-2022,Gender.Male,15,135,48,25,0,26,1088
1234567839,2-2022,Gender.Male,15,135,48,25,0,26,1088
1234567840,1-2022,Gender.Female,13,115,38,27,0,29,873
1234567840,2-2022,Gender.Female,13,115,38,27,0,29,873
1234567841,1-2022,Gender.Male,30,178,70,20,0,22,1502
1234567841,2-2022,Gender.Male,30,178,70,20,0,22,1502
1234567842,1-2022,Gender.Female,26,142,40,18,0,20,997
1234567842,2-2022,Gender.Female,26,142,40,18,0,20,997
1234567843,1-2022,Gender.Female,48,151,60,32,0,26,1143
1234567843,2-2022,Gender.Female,48,151,60,32,0,26,1143
1234567844,1-2022,Gender.Male,49,158,77,34,0,31,1352
1234567844,2-2022,Gender.Male,49,158,77,34,0,31,1352
1234567845,1-2022,Gender.Female,46,154,60,28,0,25,1172
1234567845,2-2022,Gender.Female,46,154,60,28,0,25,1172
1234567846,1-2022,Gender.Female,22,150,56,24,0,25,1227
1234567846,2-2022,Gender.Female,22,150,56,24,0,25,1227
1234567847,1-2022,Gender.Male,30,159,60,27,0,24,1283
1234567847,2-2022,Gender.Male,30,159,60,27,0,24,1283
1234567848,1-2022,Gender.Male,52,158,52,29,0,21,1087
1234567848,2-2022,Gender.Male,52,158,52,29,0,21,1087
1234567849,1-2022,Gender.Female,50,169,59,28,0,21,1235
1234567849,2-2022,Gender.Female,50,169,59,28,0,21,1235
1234567850,1-2022,Gender.Male,47,160,65,32,0,25,1254
1234567850,2-2022,Gender.Male,47,160,65,32,0,25,1254
1234567851,1-2022,Gender.Female,46,151,60,34,0,26,1153
1234567851,2-2022,Gender.Female,46,151,60,34,0,26,1153
1234567852,1-2022,Gender.Female,17,140,36,20,0,18,989
1234567852,2-2022,Gender.Female,17,140,36,20,0,18,989
1234567853,1-2022,Gender.Male,45,156,68,30,0,28,1269
1234567853,2-2022,Gender.Male,45,156,68,30,0,28,1269
1234567854,1-2022,Gender.Female,38,150,60,35,0,27,1187
1234567854,2-2022,Gender.Female,38,150,60,35,0,27,1187
1234567855,1-2022,Gender.Male,21,160,64,30,0,25,1374
1234567855,2-2022,Gender.Male,21,160,64,30,0,25,1374
1234567856,1-2022,Gender.Male,17,145,47,18,0,22,1130
1234567856,2-2022,Gender.Male,17,145,47,18,0,22,1130
1234567857,1-2022,Gender.Female,48,141,59,40,0,30,1070
1234567857,2-2022,Gender.Female,48,141,59,40,0,30,1070
1234567858,1-2022,Gender.Male,19,180,80,23,0,25,1669
1234567858,2-2022,Gender.Male,19,180,80,23,0,25,1669
1234567859,1-2022,Gender.Female,56,171,60,20,0,21,1228
1234567859,2-2022,Gender.Female,56,171,60,20,0,21,1228
1234567860,1-2022,Gender.Male,15,178,71,21,0,22,1587
1234567860,2-2022,Gender.Male,15,178,71,21,0,22,1587
1234567861,1-2022,Gender.Female,14,148,49,19,0,22,1184
1234567861,2-2022,Gender.Female,14,148,49,19,0,22,1184
1234567862,1-2022,Gender.Female,37,173,60,23,0,20,1335
1234567862,2-2022,Gender.Female,37,173,60,23,0,20,1335
1234567863,1-2022,Gender.Male,34,168,68,24,0,24,1399
1234567863,2-2022,Gender.Male,34,168,68,24,0,24,1399
1234567864,1-2022,Gender.Female,26,128,38,17,0,23,889
1234567864,2-2022,Gender.Female,26,128,38,17,0,23,889
1234567865,1-2022,Gender.Male,8,108,20,0,14,17,674
1234567865,2-2022,Gender.Male,8,108,20,0,14,17,674
1234567866,1-2022,Gender.Male,53,156,60,24,0,25,1149
1234567866,2-2022,Gender.Male,53,156,60,24,0,25,1149
1234567867,1-2022,Gender.Female,43,158,71,36,0,28,1322
1234567867,2-2022,Gender.Female,43,158,71,36,0,28,1322
1234567868,1-2022,Gender.Male,49,154,70,33,0,30,1257
1234567868,2-2022,Gender.Male,49,154,70,33,0,30,1257
1234567869,1-2022,Gender.Female,18,145,47,21,0,22,1125
1234567869,2-2022,Gender.Female,18,145,47,21,0,22,1125
1234567870,1-2022,Gender.Male,42,170,69,23,0,24,1382
1234567870,2-2022,Gender.Male,42,170,69,23,0,24,1382
1234567871,1-2022,Gender.Female,45,165,60,20,0,22,1245
1234567871,2-2022,Gender.Female,45,165,60,20,0,22,1245
1234567872,1-2022,Gender.Male,46,154,58,22,0,24,1152
1234567872,2-2022,Gender.Male,46,154,58,22,0,24,1152
1234567873,1-2022,Gender.Female,47,145,60,27,0,29,1110
1234567873,2-2022,Gender.Female,47,145,60,27,0,29,1110
1234567874,1-2022,Gender.Male,26,147,56,24,0,26,1188
1234567874,2-2022,Gender.Male,26,147,56,24,0,26,1188
1234567875,1-2022,Gender.Female,24,154,57,21,0,24,1252
1234567875,2-2022,Gender.Female,24,154,57,21,0,24,1252
1234567876,1-2022,Gender.Male,32,178,60,20,0,19,1392
1234567876,2-2022,Gender.Male,32,178,60,20,0,19,1392
1234567877,1-2022,Gender.Female,30,138,60,34,0,32,1152
1234567877,2-2022,Gender.Female,30,138,60,34,0,32,1152
1234567878,1-2022,Gender.Male,25,157,42,17,0,17,1115
1234567878,2-2022,Gender.Male,25,157,42,17,0,17,1115
1234567879,1-2022,Gender.Male,40,154,72,29,0,30,1322
1234567879,2-2022,Gender.Male,40,154,72,29,0,30,1322
1234567880,1-2022,Gender.Female,73,149,54,22,0,24,945
1234567880,2-2022,Gender.Female,73,149,54,22,0,24,945
1234567881,1-2022,Gender.Female,73,149,42,18,0,19,825
1234567881,2-2022,Gender.Female,73,149,42,18,0,19,825
1234567882,1-2022,Gender.Male,83,142,43,20,0,21,742
1234567882,2-2022,Gender.Male,83,142,43,20,0,21,742
1234567883,1-2022,Gender.Female,81,142,48,22,0,24,802
1234567883,2-2022,Gender.Female,81,142,48,22,0,24,802
1234567884,1-2022,Gender.Female,78,140,40,19,0,20,724
1234567884,2-2022,Gender.Female,78,140,40,19,0,20,724
1234567885,1-2022,Gender.Male,29,177,81,25,0,26,1610
1234567885,2-2022,Gender.Male,29,177,81,25,0,26,1610
1234567886,1-2022,Gender.Female,28,169,60,20,0,21,1355
1234567886,2-2022,Gender.Female,28,169,60,20,0,21,1355
1234567887,1-2022,Gender.Female,7,104,25,0,13,23,704
1234567887,2-2022,Gender.Female,7,104,25,0,13,23,704
1234567888,1-2022,Gender.Male,40,150,59,24,0,26,1167
1234567888,2-2022,Gender.Male,40,150,59,24,0,26,1167
1234567889,1-2022,Gender.Female,36,149,60,26,0,27,1190
1234567889,2-2022,Gender.Female,36,149,60,26,0,27,1190
1234567890,1-2022,Gender.Female,10,140,33,0,11,0,994
1234567890,2-2022,Gender.Female,10,140,33,0,11,0,994
1234567891,1-2022,Gender.Female,18,160,50,18,0,20,1249
1234567891,2-2022,Gender.Female,18,160,50,18,0,20,1249
1234567892,1-2022,Gender.Male,17,177,70,20,0,22,1560
1234567892,2-2022,Gender.Male,17,177,70,20,0,22,1560
1234567893,1-2022,Gender.Male,44,180,74,22,0,23,1484
1234567893,2-2022,Gender.Male,44,180,74,22,0,23,1484
1234567894,1-2022,Gender.Male,41,171,71,23,0,24,1413
1234567894,2-2022,Gender.Male,41,171,71,23,0,24,1413
1234567895,1-2022,Gender.Female,38,143,55,25,0,27,1093
1234567895,2-2022,Gender.Female,38,143,55,25,0,27,1093
1234567896,1-2022,Gender.Female,9,120,22,0,11,0,764
1234567896,2-2022,Gender.Female,9,120,22,0,11,0,764
1234567897,1-2022,Gender.Male,13,130,45,0,16,27,1037
1234567897,2-2022,Gender.Male,13,130,45,0,16,27,1037
1234567898,1-2022,Gender.Male,5,110,13,0,9,0,632
1234567898,2-2022,Gender.Male,5,110,13,0,9,0,632
123456789001,1-2022,Gender.Male,1,90,6,0,6,0,457
123456789001,2-2022,Gender.Male,1,90,6,0,6,0,457
200512980367,1-2022,Gender.Female,32,150,60,25,0,27,1217
200512980367,2-2022,Gender.Female,32,150,60,25,0,27,1217
237292051380,1-2022,Gender.Male,1,100,12,0,6,0,579
237292051380,2-2022,Gender.Male,1,100,12,0,6,0,579
278237141004,1-2022,Gender.Female,6,120,19,0,13,0,749
278237141004,2-2022,Gender.Female,6,120,19,0,13,0,749
280997137253,1-2022,Gender.Female,3,110,15,0,9,0,662
280997137253,2-2022,Gender.Female,3,110,15,0,9,0,662
281334862992,1-2022,Gender.Female,38,178,63,17,0,20,1392
281334862992,2-2022,Gender.Female,38,178,63,17,0,20,1392
303388786343,1-2022,Gender.Male,32,168,60,20,0,21,1329
303388786343,2-2022,Gender.Male,32,168,60,20,0,21,1329
312894631619,1-2022,Gender.Female,29,163,58,19,0,22,1293
312894631619,2-2022,Gender.Female,29,163,58,19,0,22,1293
366512133803,1-2022,Gender.Male,17,174,65,19,0,21,1492
366512133803,2-2022,Gender.Male,17,174,65,19,0,21,1492
384906521630,1-2022,Gender.Male,50,157,60,22,0,24,1170
384906521630,2-2022,Gender.Male,50,157,60,22,0,24,1170
388860389218,1-2022,Gender.Female,16,147,50,20,0,23,1178
388860389218,2-2022,Gender.Female,16,147,50,20,0,23,1178
390508306934,1-2022,Gender.Male,39,170,79,25,0,27,1497
390508306934,2-2022,Gender.Male,39,170,79,25,0,27,1497
399793412075,1-2022,Gender.Male,49,176,75,22,0,24,1444
399793412075,2-2022,Gender.Male,49,176,75,22,0,24,1444
402102572577,1-2022,Gender.Female,46,168,80,26,0,28,1459
402102572577,2-2022,Gender.Female,46,168,80,26,0,28,1459
402219859926,1-2022,Gender.Female,17,172,60,18,0,20,1429
402219859926,2-2022,Gender.Female,17,172,60,18,0,20,1429
408011045470,1-2022,Gender.Male,12,136,29,0,18,0,919
408011045470,2-2022,Gender.Male,12,136,29,0,18,0,919
422743870038,1-2022,Gender.Male,51,151,49,24,0,22,1180
422743870038,2-2022,Gender.Male,51,151,49,24,0,22,1180
423542713786,1-2022,Gender.Female,47,157,62,23,0,25,1205
423542713786,2-2022,Gender.Female,47,157,62,23,0,25,1205
425910618622,1-2022,Gender.Female,45,165,60,26,0,22,1245
425910618622,2-2022,Gender.Female,45,165,60,26,0,22,1245
431871990480,1-2022,Gender.Male,20,160,60,21,0,23,1339
431871990480,2-2022,Gender.Male,20,160,60,21,0,23,1339
454238476010,1-2022,Gender.Male,61,178,70,19,0,22,1347
454238476010,2-2022,Gender.Male,61,178,70,19,0,22,1347
467491204688,1-2022,Gender.Female,59,160,50,18,0,20,1044
467491204688,2-2022,Gender.Female,59,160,50,18,0,20,1044
477237165312,1-2022,Gender.Male,33,178,80,22,0,25,1587
477237165312,2-2022,Gender.Male,33,178,80,22,0,25,1587
492349936230,1-2022,Gender.Male,32,179,80,22,0,25,1598
492349936230,2-2022,Gender.Male,32,179,80,22,0,25,1598
492635584674,1-2022,Gender.Female,8,135,28,0,14,0,923
492635584674,2-2022,Gender.Female,8,135,28,0,14,0,923
507172370945,1-2022,Gender.Male,3,70,18,0,9,0,442
507172370945,2-2022,Gender.Male,3,70,18,0,9,0,442
509786991748,1-2022,Gender.Male,10,130,28,0,16,0,882
509786991748,2-2022,Gender.Male,10,130,28,0,16,0,882
540056833323,1-2022,Gender.Female,4,105,18,0,16,0,655
540056833323,2-2022,Gender.Female,4,105,18,0,16,0,655
543994073922,1-2022,Gender.Male,3,90,12,0,9,0,507
543994073922,2-2022,Gender.Male,3,90,12,0,9,0,507
548860772600,1-2022,Gender.Male,49,150,60,25,0,27,1132
548860772600,2-2022,Gender.Male,49,150,60,25,0,27,1132
553745163393,1-2022,Gender.Female,21,150,57,22,0,25,1242
553745163393,2-2022,Gender.Female,21,150,57,22,0,25,1242
590701390399,1-2022,Gender.Male,28,159,60,23,0,24,1293
590701390399,2-2022,Gender.Male,28,159,60,23,0,24,1293
593968857711,1-2022,Gender.Male,1,90,9,0,8,0,487
593968857711,2-2022,Gender.Male,1,90,9,0,8,0,487
599588963434,1-2022,Gender.Male,16,178,50,16,0,16,1372
599588963434,2-2022,Gender.Male,16,178,50,16,0,16,1372
614066747482,1-2022,Gender.Male,16,172,72,23,0,24,1554
614066747482,2-2022,Gender.Male,16,172,72,23,0,24,1554
614649442600,1-2022,Gender.Female,16,134,40,21,0,22,997
614649442600,2-2022,Gender.Female,16,134,40,21,0,22,997
615680810345,1-2022,Gender.Female,30,151,65,26,0,29,1283
615680810345,2-2022,Gender.Female,30,151,65,26,0,29,1283
680128785385,1-2022,Gender.Male,23,162,62,21,0,24,1357
680128785385,2-2022,Gender.Male,23,162,62,21,0,24,1357
700519504110,1-2022,Gender.Male,32,167,63,21,0,23,1353
700519504110,2-2022,Gender.Male,32,167,63,21,0,23,1353
705334452726,1-2022,Gender.Female,29,159,51,19,0,20,1198
705334452726,2-2022,Gender.Female,29,159,51,19,0,20,1198
709730975380,1-2022,Gender.Male,1,80,7,0,9,0,404
709730975380,2-2022,Gender.Male,1,80,7,0,9,0,404
716703188655,1-2022,Gender.Female,3,100,14,0,11,0,589
716703188655,2-2022,Gender.Female,3,100,14,0,11,0,589
722708543739,1-2022,Gender.Male,50,157,65,23,0,26,1220
722708543739,2-2022,Gender.Male,50,157,65,23,0,26,1220
734036567725,1-2022,Gender.Female,42,147,60,26,0,28,1148
734036567725,2-2022,Gender.Female,42,147,60,26,0,28,1148
734602245702,1-2022,Gender.Female,22,132,58,26,0,33,1134
734602245702,2-2022,Gender.Female,22,132,58,26,0,33,1134
735866149377,1-2022,Gender.Male,19,154,54,21,0,23,1247
735866149377,2-2022,Gender.Male,19,154,54,21,0,23,1247
754843151516,1-2022,Gender.Male,24,172,68,21,0,23,1474
754843151516,2-2022,Gender.Male,24,172,68,21,0,23,1474
759181957156,1-2022,Gender.Male,60,172,78,24,0,26,1394
759181957156,2-2022,Gender.Male,60,172,78,24,0,26,1394
773762065539,1-2022,Gender.Female,15,145,40,17,0,19,1070
773762065539,2-2022,Gender.Female,15,145,40,17,0,19,1070
777382585905,1-2022,Gender.Male,57,157,72,27,0,29,1255
777382585905,2-2022,Gender.Male,57,157,72,27,0,29,1255
778378647685,1-2022,Gender.Female,3,110,18,0,9,0,692
778378647685,2-2022,Gender.Female,3,110,18,0,9,0,692
779810371071,1-2022,Gender.Male,19,154,65,24,0,27,1357
779810371071,2-2022,Gender.Male,19,154,65,24,0,27,1357
804987025197,1-2022,Gender.Female,28,154,57,21,0,24,1232
804987025197,2-2022,Gender.Female,28,154,57,21,0,24,1232
811402597054,1-2022,Gender.Male,15,145,40,17,0,19,1070
811402597054,2-2022,Gender.Male,15,145,40,17,0,19,1070
824483071931,1-2022,Gender.Male,60,150,56,23,0,25,1037
824483071931,2-2022,Gender.Male,60,150,56,23,0,25,1037
825360666370,1-2022,Gender.Female,57,156,69,25,0,28,1219
825360666370,2-2022,Gender.Female,57,156,69,25,0,28,1219
849048687729,1-2022,Gender.Male,38,154,65,25,0,27,1262
849048687729,2-2022,Gender.Male,38,154,65,25,0,27,1262
899940797448,1-2022,Gender.Male,26,157,60,22,0,24,1290
899940797448,2-2022,Gender.Male,26,157,60,22,0,24,1290
923345668286,1-2022,Gender.Male,26,150,56,22,0,25,1207
923345668286,2-2022,Gender.Male,26,150,56,22,0,25,1207
925648752750,1-2022,Gender.Female,30,151,65,26,0,29,1283
925648752750,2-2022,Gender.Female,30,151,65,26,0,29,1283
940201987740,1-2022,Gender.Male,19,154,65,24,0,27,1357
940201987740,2-2022,Gender.Male,19,154,65,24,0,27,1357
987419958816,1-2022,Gender.Female,57,156,69,25,0,28,1219
987419958816,2-2022,Gender.Female,57,156,69,25,0,28,1219
990095966133,1-2022,Gender.Male,15,145,40,17,0,19,1070
990095966133,2-2022,Gender.Male,15,145,40,17,0,19,1070
